date,months,strat_gross,strat_net,bench_gross,bench_net,alpha_net,bucket
2025-11-04,9.986859395532194,18.042706878883656,17.675544604592616,1.9102160090737763,1.5597677374184375,16.11577686717418,8-10m
2025-11-06,9.921156373193167,10.4448249661125,10.085534446985658,2.82155961153255,2.4701671459832566,7.615367301002402,8-10m
2025-11-07,9.888304862023652,2.488278152380032,2.1372309817533663,2.666382266873047,2.315150572190993,-0.1779195904376265,8-10m
2025-11-10,9.789750328515112,1.5679347151794425,1.2178410626895158,2.2385979863503986,1.8878094958610374,-0.6699684331715217,8-10m
2025-11-11,9.756898817345597,16.13650244909966,15.771315090283277,1.7908111075309507,1.4404865448462296,14.330828545437047,8-10m
2025-11-12,9.724047306176084,-2.583676110418723,-2.9294685031192254,1.2531692601688116,0.9034017191694912,-3.8328702222887165,8-10m
2025-11-13,9.69119579500657,-0.6960699500647994,-1.043817989577316,1.314286776478543,0.9644559149209097,-2.0082739044982256,8-10m
2025-11-14,9.658344283837057,2.674435586487507,2.323195548195871,1.2926786168135465,0.9428701423033089,1.3803254058925623,8-10m
2025-11-17,9.559789750328514,12.182064222476384,11.820973843566943,0.6532539749141301,0.30410797374644943,11.516865869820494,8-10m
2025-11-18,9.526938239159001,4.273627348401772,3.920730473881971,1.2674635371126906,0.9176811865849217,3.003049287297049,8-10m
2025-11-19,9.494086727989487,3.710084029687974,3.3577710119693562,1.0078896819131222,0.6583762618397313,2.699394750129625,8-10m
2025-11-20,9.461235216819974,2.3872508425939136,2.03630834090745,0.9712267218828432,0.621751286322535,1.4145570545849149,8-10m
2025-11-21,9.42838370565046,1.907070039833539,1.5566250275470508,1.8425893522309094,1.4922111449028985,0.06441388264415226,8-10m
2025-11-24,9.329829172141919,7.0658139550614765,6.710024246776594,2.4254421932064476,2.0744601235239406,4.635564123252653,8-10m
2025-11-25,9.296977660972404,9.76741926387171,9.40883056821305,2.259215262960707,1.9084054120243858,7.500425156188664,8-10m
2025-11-26,9.264126149802891,20.81063323677683,20.4406032634544,0.8817723467730244,0.5323895900602399,19.908213673394158,8-10m
2025-11-27,9.231274638633376,11.346124777537295,10.98590047034603,0.9458282626686717,0.5963791410804457,10.389521329265584,8-10m
2025-11-28,9.198423127463863,14.42699669882841,14.063580466606572,1.0373278747571317,0.687783955361786,13.375796511244786,8-10m
2025-12-01,9.099868593955321,-3.3677488207827024,-3.712728878087926,1.0554251772182999,0.7058625081851488,-4.418591386273075,8-10m
2025-12-02,9.067017082785808,-3.7544140393980063,-4.098993493750146,1.1964445433704183,0.8467357717870433,-4.945729265537189,8-10m
2025-12-03,9.034165571616294,0.45075045215428294,0.1018142539513276,2.0497500325716675,1.6991571972494224,-1.5973429432980948,8-10m
2025-12-04,9.00131406044678,-9.668109868514831,-10.006562461957994,1.769761426288617,1.4194586720419593,-11.426021133999953,8-10m
2025-12-05,8.968462549277266,-6.882043216644595,-7.223382303298166,1.282741764531987,0.932943585057804,-8.15632588835597,8-10m
2025-12-08,8.869908015768726,-5.534420812163925,-5.877156097619163,3.0788681823307558,2.727209133265925,-8.604365230885088,8-10m
2025-12-09,8.83705650459921,3.846415262045523,3.4939609988989373,2.942850698223047,2.5913325695285554,0.9026284293703819,8-10m
2025-12-10,8.804204993429698,1.593840304370702,1.2437198124987194,3.340233936594014,2.988304100584941,-1.7445842880862217,8-10m
2025-12-11,8.771353482260183,3.9336597449083657,3.5811150924642874,2.68196597259489,2.3307181324768447,1.2503969599874427,8-10m
2025-12-12,8.73850197109067,-12.401072822904837,-12.736693941010959,1.9075738262112694,1.5571282919789209,-14.29382223298988,8-10m
2025-12-15,8.639947437582128,-19.53659055924691,-19.86481895274437,1.8495727123632475,1.4991872699529,-21.36400622269727,8-10m
2025-12-16,8.607095926412615,-20.664202268198046,-20.99126240409489,2.584546365593756,2.233399456669861,-23.22466186076475,8-10m
2025-12-17,8.5742444152431,-17.664340705490634,-17.994508835960076,2.926146353156666,2.574645530932067,-20.569154366892143,8-10m
2025-12-18,8.541392904073588,-5.84269582429909,-6.185111722661111,3.097590985365072,2.7459125386150434,-8.931024261276155,8-10m
2025-12-19,8.508541392904073,-10.374448033476636,-10.712168828089341,2.187193354957128,1.8364581220304814,-12.548626950119823,8-10m
2025-12-22,8.409986859395532,-7.323485201904253,-7.664366934354765,1.3978751889941505,1.047957725996092,-8.712324660350857,8-10m
2025-12-23,8.377135348226018,-10.941178540905275,-11.278312176642682,1.1808977276024029,0.8312050632353027,-12.109517239877984,8-10m
2025-12-24,8.344283837056505,-14.405784125258132,-14.739328270238294,1.508438187953842,1.15840617660295,-15.897734446841245,8-10m
2025-12-26,8.278580814717477,-11.928381213431976,-12.264492061789326,1.6249031861195715,1.2747505116732025,-13.539242573462529,8-10m
2025-12-29,8.180026281208935,1.4896559603014303,1.1396434082023859,2.033049188935504,1.6824736564555038,-0.542830248253118,8-10m
2025-12-30,8.147174770039422,12.299754343980501,11.93854203269144,1.9648831095741353,1.6143782002880063,10.324163832403434,8-10m
2025-12-31,8.114323258869907,13.280683940273633,12.918455340800048,0.9959899423576436,0.6464888509618082,12.27196648983824,8-10m
2026-01-01,8.081471747700395,24.518048790743016,24.144177764365562,0.906541226508949,0.5571328080973946,23.587044956268166,8-10m
2026-01-02,8.04862023653088,9.568061550510233,9.20967939861307,-0.011449815550108213,-0.35990715301450454,9.569586551627573,8-10m
2026-01-05,7.9500657030223385,2.7110888745443895,2.3598108617602707,-0.02069097493396388,-0.3691387381321519,2.7289495998924225,6-8m
2026-01-06,7.917214191852825,-7.997161447174774,-8.337345220046075,-0.10288018337328754,-0.4512427947708237,-7.886102425275251,6-8m
2026-01-07,7.884362680683311,-2.759688903500206,-3.1052989388504884,-0.3502508693894044,-0.6983571933771777,-2.4069417454733104,6-8m
2026-01-08,7.851511169513797,3.8596343608296024,3.5071664020886004,1.5450531876561422,1.194983241481285,2.312183160607315,6-8m
2026-01-09,7.818659658344283,1.2261173876746239,0.876377873659593,2.3147818658630714,1.9639144453700714,-1.0875365717104786,6-8m
2026-01-12,7.720105124835742,-1.2857976579730335,-1.6329347124526818,2.110104916271498,1.7594495505134229,-3.3923842629661047,6-8m
2026-01-13,7.687253613666228,-10.15250970174634,-10.490460434679889,2.2677326165303504,1.9169139412239273,-12.407374375903817,6-8m
2026-01-14,7.654402102496714,-10.854654141602449,-11.191877420597656,2.1172450852220646,1.7665823219205006,-12.958459742518157,6-8m
2026-01-15,7.621550591327201,-14.759326140224811,-15.092503999414538,1.2184886333308855,0.868757023056289,-15.961261022470827,6-8m
2026-01-16,7.588699080157687,-19.630447862119976,-19.958579015134216,1.9291250073225088,1.5786571450751872,-21.537236160209403,6-8m
2026-01-19,7.490144546649145,0.2001510041061799,-0.14852556154101748,2.1915077640034344,1.8407680611505641,-1.9892936226915816,6-8m
2026-01-20,7.457293035479632,-11.195841692798368,-11.532711485795911,4.577930338460435,4.224718192044988,-15.7574296778409,6-8m
2026-01-21,7.424441524310118,-17.679691923535138,-18.00984414943653,5.0911735608162285,4.7374296708132375,-22.747273820249767,6-8m
2026-01-22,7.391590013140604,2.865895805802213,2.514457405916196,3.93580459288718,3.5832577182819443,-1.0688003123657484,6-8m
2026-01-23,7.35873850197109,1.9991646100612435,1.6486241835636464,5.936364461490882,5.5817449148360145,-3.933120731272368,6-8m
2026-01-27,7.227332457293035,-15.942747442698252,-16.2745140326025,5.209888207117619,4.856021323280203,-21.130535355882703,6-8m
2026-01-28,7.194480946123521,-7.330676546880897,-7.671550828767209,3.8575039325147205,3.5050381809954567,-11.176589009762665,6-8m
2026-01-29,7.1616294349540075,3.2810224471302276,2.9291539569479697,3.7493290493731264,3.396975372008846,-0.46782141506087616,6-8m
2026-01-30,7.128777923784494,1.8364182379750837,1.4860464242053015,3.8921975753262052,3.5396958795970677,-2.053649455391766,6-8m
2026-02-02,7.030223390275952,-8.292799236335052,-8.632676714857443,5.065023098700858,4.711306301779537,-13.34398301663698,6-8m
2026-02-03,6.9973718791064385,10.013371016670355,9.65452750368202,2.2913213150199283,1.9404782007367887,7.714049302945232,6-8m
2026-02-04,6.964520367936925,9.496330912173415,9.138023076517184,1.81335863597238,1.4630107130110206,7.675012363506164,6-8m
2026-02-05,6.931668856767411,-1.7530918706078453,-2.099744786787671,1.9408022527359077,1.5903222923251754,-3.690067079112846,6-8m
2026-02-06,6.898817345597897,5.1029899044141995,4.749233772135691,2.0647163021395274,1.7141079610735726,3.035125811062118,6-8m
2026-02-09,6.800262812089356,7.618668209656289,7.262305718932351,1.0829989338600214,0.7334076971465836,6.528898021785768,6-8m
2026-02-10,6.767411300919842,3.7603987477809824,3.4080336016999366,0.944157078454803,0.5947096882903046,2.813323913409632,6-8m
2026-02-11,6.734559789750328,6.812596017908419,6.457068655054445,0.656524671530952,0.30737528177110673,6.1496933732833385,6-8m
2026-02-12,6.701708278580814,4.745936922266092,4.392550713301529,1.2322864750654487,0.8825405695921097,3.5100101437094193,6-8m
2026-02-13,6.668856767411301,2.79223015725133,2.4408680783658303,2.736599019411592,2.385294576943922,0.05557350142190831,6-8m
2026-02-16,6.570302233902759,5.103244100786697,4.749487705149056,1.8579761137871442,1.5075819650663689,3.2419057400826867,6-8m
2026-02-17,6.5374507227332455,-10.823983130092838,-11.161238185666841,1.440611031957007,1.0906492926597848,-12.251887478326626,6-8m
2026-02-18,6.504599211563732,-4.328056255931736,-4.672041390560002,1.043935466056668,0.6943847008928089,-5.366426091452811,6-8m
2026-02-19,6.471747700394218,-7.9682296260756775,-8.308443373644502,2.6138274968769686,2.26265025135414,-10.571093624998642,6-8m
2026-02-20,6.438896189224704,-10.055011563493881,-10.393063308983574,1.9721934008048414,1.6216809177206963,-12.01474422670427,6-8m
2026-02-23,6.340341655716163,-0.8098701352374651,-1.1575002725233319,1.9113941124158154,1.5609446201912236,-2.7184448927145555,6-8m
2026-02-24,6.307490144546649,-1.855370196904298,-2.2019171480332727,2.4290740473684713,2.078088214917991,-4.280005362951264,6-8m
2026-02-25,6.274638633377135,-1.4411168440710427,-1.7880929807292119,1.6870380675888248,1.3368210185470568,-3.1249139992762687,6-8m
2026-02-26,6.241787122207621,1.240440989556728,0.8906866356312648,1.3456503425120485,0.9957869868572882,-0.10510035122602335,6-8m
2026-02-27,6.2089356110381075,-11.534023470287323,-11.870190871908232,2.5029668007429624,2.1519044120009148,-14.022095283909147,6-8m
2026-03-02,6.110381077529566,-15.6001533391338,-15.932045853901945,4.0508111842753545,3.6981451575511186,-19.630191011453064,6-8m
2026-03-04,6.044678055190539,-5.270088251992598,-5.613097398139475,6.4083352185855995,6.053226688515716,-11.666324086655191,6-8m
2026-03-05,6.011826544021025,-2.7018156288164152,-3.0474856235414443,5.065217265375902,4.71150026728898,-7.758985890830425,6-8m
2026-03-06,5.978975032851511,-8.181983959918634,-8.521976248164894,5.887951212187203,5.533381823885613,-14.055358072050506,4-6m
2026-03-09,5.88042049934297,-0.6941771069432121,-1.0419271075282694,7.8974088586960125,7.540757579837597,-8.582684687365866,4-6m
2026-03-10,5.847568988173456,7.403939991681755,7.04779996926913,6.459940760832468,6.104778765046972,0.9430212042221582,4-6m
2026-03-11,5.814717477003942,8.83756804961795,8.479942722590412,7.925911094841818,7.5692302863556575,0.9107124362347543,4-6m
2026-03-12,5.781865965834428,12.806630463201168,12.444893004936294,8.544912198547012,8.187590076443357,4.257302928492937,4-6m
2026-03-13,5.7490144546649145,14.102806097426855,13.739725741580838,11.150067933283298,10.790046750001302,2.9496789915795354,4-6m
2026-03-16,5.650459921156373,14.199628043204592,13.836447375368945,11.129993231159315,10.769992846192144,3.0664545291768004,4-6m
2026-03-17,5.617608409986859,12.885514448741944,12.523695263039384,10.325394612848347,9.966227829061273,2.557467433978111,4-6m
2026-03-18,5.5847568988173455,4.383395606341734,4.0303850068573635,8.815881822496635,8.458278963397968,-4.427893956540604,4-6m
2026-03-19,5.551905387647832,15.290660413696997,14.926349386138032,12.430350653898243,12.069003038824665,2.857346347313367,4-6m
2026-03-20,5.519053876478318,13.24201654003753,12.879828001769294,11.480451555164457,11.120088079252536,1.7597399225167578,4-6m
2026-03-23,5.4204993429697765,4.771588191447084,4.418175406587691,15.43019703364676,15.065741439730843,-10.647566033143152,4-6m
2026-03-24,5.387647831800263,14.536364301614014,14.17283475952479,13.314496322089473,12.952232691432958,1.2206020680918321,4-6m
2026-03-25,5.354796320630749,15.791569092029002,15.426739100037477,10.988994212367086,10.62913990886933,4.797599191168146,4-6m
2026-03-27,5.289093298291721,27.09339139019489,26.71685219041865,13.15743303000226,12.795332124141254,13.921520066277395,4-6m
2026-03-30,5.19053876478318,11.657628734795399,11.297081695175228,16.03464204799976,15.669560221244499,-4.372478526069271,4-6m
2026-04-01,5.124835742444152,10.216708327390814,9.857654147595053,13.581506162401542,13.21896589726802,-3.361311749672968,4-6m
2026-04-02,5.091984231274639,5.9092973934270026,5.55470588949973,13.406561964411594,13.044202949514613,-7.489497060014883,4-6m
2026-04-06,4.9605781865965834,9.214833553443246,8.856817361999532,11.751040754140114,11.390396935370942,-2.5335795733714104,4-6m
2026-04-07,4.92772667542707,6.922146926586893,6.566942825054127,11.399252807970313,11.038973457695631,-4.472030632641504,4-6m
2026-04-08,4.894875164257556,-0.6560414477389906,-1.0032924833325105,7.241604871642879,6.885633035882031,-7.888925519214542,4-6m
2026-04-09,4.862023653088042,-8.973733106417242,-9.31217821351403,7.305558095549168,6.9495200013065,-16.26169821482053,4-6m
2026-04-10,4.829172141918528,1.6527493941713296,1.3025678697724943,5.709025800527578,5.354641787183034,-4.0520739174105405,4-6m
2026-04-13,4.730617608409987,-2.428555897832605,-2.773602070108963,6.534643130885436,6.179403740008256,-8.953005810117219,4-6m
2026-04-15,4.664914586070959,8.003019401045812,7.646258704807434,4.383132345918042,4.030122019183597,3.616136685623837,4-6m
2026-04-16,4.6320630749014455,5.989754519322339,5.635079658111612,3.7888221474256487,3.436427553395091,2.1986521047165204,4-6m
2026-04-17,4.599211563731932,12.773410017790056,12.411706977434765,2.7182207865233146,2.3669353847503123,10.044771592684452,4-6m
2026-04-20,4.50065703022339,2.253378098896048,1.9025742955302039,2.6524011075093354,2.3011838979514985,-0.3986096024212946,4-6m
2026-04-21,4.467805519053877,7.817882983528728,7.461314097135173,1.8784171002017036,1.5280017736787146,5.933312323456458,4-6m
2026-04-22,4.434954007884363,0.6390093197637725,0.2898780767140664,1.8056891675905318,1.45534919055121,-1.1654711138371434,4-6m
2026-04-23,4.402102496714849,8.906902072567439,8.549204912302766,2.53198306481664,2.180890613890268,6.368314298412498,4-6m
2026-04-24,4.369250985545335,0.9615382613244726,0.6120728634549779,3.599516519689635,3.2473180549974834,-2.6352451915425057,4-6m
2026-04-27,4.270696452036794,6.82061090464602,6.465075238000705,2.2937713405894247,1.9429256879670997,4.522149550033605,4-6m
2026-04-28,4.23784494086728,-5.584581536626347,-5.927264853263652,2.540951025907832,2.18984928376125,-8.117114137024902,4-6m
2026-04-29,4.204993429697766,4.333578067291745,3.980619081069441,2.3701759156496287,2.0192511043729215,1.9613679766965193,4-6m
2026-04-30,4.1721419185282524,5.387099563495115,5.033049080540753,3.6490838692717102,3.296834050525299,1.7362150300154537,4-6m
2026-05-01,4.139290407358739,1.5317456222234285,1.1816894632985044,3.0798868574710863,2.7282267530119584,-1.546537289713454,4-6m
2026-05-04,4.040735873850197,9.493645718419295,9.13534066474731,2.943105325441669,2.5915869329416594,6.543753731805651,4-6m
2026-05-05,4.0078843626806835,2.6597422524472947,2.308517437125613,2.9065461242629205,2.555065608777052,-0.2465481716514386,4-6m
2026-05-06,3.9750328515111693,6.433595251543965,6.078460550917983,1.1322844111882253,0.7826421124531557,5.295818438464828,2-4m
2026-05-07,3.9421813403416555,1.3966240107493233,1.0467078440294832,0.6742105800972149,0.325042866922553,0.7216649771069302,2-4m
2026-05-08,3.9093298291721417,10.361080677579192,10.001876921387511,0.8733630479151275,0.5239890036227778,9.477887917764734,2-4m
2026-05-11,3.8107752956636003,8.313500357881669,7.956417989089891,2.2244311285643774,1.873657315591368,6.082760673498523,2-4m
2026-05-12,3.7779237844940865,10.857644639287727,10.49792641998977,4.489888638295906,4.1367677071317654,6.361158712858005,2-4m
2026-05-13,3.7450722733245727,-0.5750930636840202,-0.9229664408157628,3.865718374764071,3.5132441127047804,-4.436210553520543,2-4m
2026-05-14,3.712220762155059,-5.535586514297095,-5.8783205920313035,2.8140451586157877,2.4626604783853834,-8.340981070416687,2-4m
2026-05-15,3.679369250985545,0.19839051441543187,-0.15028422728346555,3.401384766226311,3.049391575144804,-3.1996758024282697,2-4m
2026-05-18,3.5808147174770038,3.197635106121222,2.845853009060063,3.8489240442452504,3.496467181884913,-0.65061417282485,2-4m
2026-05-19,3.54796320630749,2.004261406001542,1.6537156989888995,3.351554050382293,2.999612486214617,-1.3458967872257175,2-4m
2026-05-20,3.515111695137976,9.160592422568147,8.802632427431117,3.0957155773086833,2.744039073567662,6.058593353863455,2-4m
2026-05-21,3.4822601839684624,6.591055993643065,6.2357581564450735,3.1727990005484896,2.821042634835182,3.4147155216098914,2-4m
2026-05-22,3.4494086727989486,-10.453483078045858,-10.79112198871678,2.934502815679122,2.58299333577495,-13.37411532449173,2-4m
2026-05-25,3.350854139290407,-1.6585185090117798,-2.0052694075445885,1.8262412276292563,1.4758799577103394,-3.481149365254928,2-4m
2026-05-26,3.3180026281208934,-2.224308769820696,-2.570473483616957,1.7913864414826206,1.4410612827254718,-4.011534766342429,2-4m
2026-05-27,3.2851511169513796,1.452100848589943,1.102127205314168,1.196807747159867,0.8470985992806523,0.2550286060335156,2-4m
2026-05-28,3.252299605781866,2.669630388567203,2.318395328681653,1.196807747159867,0.8470985992806523,1.4712967294010009,2-4m
2026-05-29,3.219448094612352,11.823018411456198,11.462300020523077,2.5721110589175944,2.220977033543448,9.241322986979629,2-4m
2026-06-01,3.1208935611038107,10.799176663364966,10.439519019579595,3.6156835276334287,3.2634683131773756,7.17605070640222,2-4m
2026-06-02,3.088042049934297,-2.691625166183552,-3.0373057186966257,3.1832545525571816,2.8314873544110326,-5.868793073107659,2-4m
2026-06-03,3.055190538764783,7.87645473218758,7.5198251627681145,3.7565820665148544,3.4042208746911795,4.115604288076935,2-4m
2026-06-04,3.0223390275952693,4.694199019925685,4.340866413807885,3.709120348380431,3.3568083290799695,0.9840580847279154,2-4m
2026-06-05,2.9894875164257555,-2.6856991619012742,-3.0313858540273833,3.790573534763302,3.4381771262149043,-6.469562980242287,2-4m
2026-06-08,2.890932982917214,-0.5186653739063245,-0.8665972127203473,5.106802484227082,4.753042401940509,-5.619639614660857,2-4m
2026-06-09,2.8580814717477003,2.8548563800789646,2.5034294175458105,4.01843518049704,3.6658026968020367,-1.1623732792562262,2-4m
2026-06-10,2.8252299605781865,1.395012895698196,1.0450983981676571,4.869704068972779,4.51618963155093,-3.471091233383272,2-4m
2026-06-11,2.7923784494086727,2.3248898590958333,1.9740119662568731,5.621119462643901,5.266826524309101,-3.292814558052228,2-4m
2026-06-12,2.759526938239159,-0.18537026013291538,-0.5336474080163871,3.5965567505213203,3.244361352286175,-3.778008760302562,2-4m
2026-06-15,2.6609724047306176,2.9823459711769273,2.630786923562877,2.4454910646249766,2.094488223389437,0.5362987001734401,2-4m
2026-06-16,2.628120893561104,2.1991894250221895,1.8484417636151504,2.101920639951104,1.751273753479749,0.09716801013540155,2-4m
2026-06-17,2.59526938239159,-1.1591045771104636,-1.5063728914497663,1.7079865407633124,1.357747788139707,-2.8641206795894734,2-4m
2026-06-18,2.562417871222076,3.573665267530908,3.2214935859251432,1.2350255438634696,0.8852768005888603,2.336216785336283,2-4m
2026-06-19,2.5295663600525624,-0.01641247899704563,-0.36486467491382824,1.5309750826140398,1.1809197220035952,-1.5457843969174234,2-4m
2026-06-22,2.431011826544021,6.317029723007567,5.962015789631167,1.0635112104158584,0.713940163880355,5.248075625750812,2-4m
2026-06-23,2.3981603153745072,-2.2139650631808205,-2.560140493532973,2.0752800157095006,1.724660730150334,-4.284801223683306,2-4m
2026-06-24,2.3653088042049935,-1.0955671552055608,-1.4429012972366781,1.6053604649674742,1.2552280376791796,-2.6981293349158575,2-4m
2026-06-25,2.3324572930354797,8.767963349052133,8.410410135696203,1.6709780829188394,1.3207776727599574,7.089632462936246,2-4m
2026-06-26,2.299605781865966,0.042030944513135896,-0.3064818014788024,1.6709780829188394,1.3207776727599574,-1.6272594742387598,2-4m
2026-06-29,2.2010512483574245,0.26761810147909226,-0.08112836318447245,2.33075275083582,1.97986878377134,-2.0609971469558124,2-4m
2026-06-30,2.1681997371879107,-1.7453448011045136,-2.092005743604709,2.39187348384875,2.040926192893296,-4.132931936498005,2-4m
2026-07-01,2.135348226018397,-6.325447164732659,-6.667362910499425,1.917414648087105,1.5669589183106065,-8.234321828810032,2-4m
2026-07-02,2.102496714848883,-1.770012955612792,-2.1166483407701806,1.0102370217487848,0.6607211697233422,-2.7773695104935228,2-4m
2026-07-03,2.0696452036793693,9.802185084886846,9.443560370238384,0.5547581924619778,0.20571423745570605,9.237846132782678,2-4m
2026-07-06,1.9710906701708277,4.216392857145124,3.8635552801910493,0.16024732874383882,-0.18838789486010785,4.051943175051157,1-2m
2026-07-07,1.938239159001314,4.803262609817457,4.449817008803609,0.26862614285183756,-0.08012136618896336,4.529938374992573,1-2m
2026-07-08,1.9053876478318001,7.402955237317185,7.046816235155383,2.3128227939421926,1.961957403137805,5.084858832017578,1-2m
2026-07-09,1.8725361366622864,-2.224940200144956,-2.571104259750352,1.4847315118499815,1.1347240617060566,-3.7058283214564085,1-2m
2026-07-10,1.8396846254927726,-0.026816920994692416,-0.37525833743095893,0.31986185224293295,-0.028938739349637328,-0.3463195980813216,1-2m
2026-07-13,1.7411300919842312,12.161676006120633,11.800606750341194,0.29845535310812615,-0.05032306036663346,11.850929810707827,1-2m
2026-07-14,1.7082785808147174,-1.089933381406523,-1.4372733602864483,0.831613141041075,0.4822823515727514,-1.9195557118591997,1-2m
2026-07-15,1.6754270696452036,8.984130874759675,8.626353701903403,0.576193118233966,0.2271269556585874,8.399226746244816,1-2m
2026-07-16,1.6425755584756898,1.8180913210706944,1.4677384948298626,0.5297207819973843,0.18070276690007933,1.2870357279297833,1-2m
2026-07-17,1.609724047306176,2.2551027802301515,1.904297190015105,0.261692445404272,-0.0870478800070021,1.991345070022107,1-2m
2026-07-20,1.5111695137976346,0.9520051004618277,0.6025495793855127,-0.29153374624011624,-0.6397009038684505,1.2422504832539631,1-2m
2026-07-21,1.4783180026281209,0.5620843607576665,0.21303281550404254,-0.6184918880139886,-0.9663203019673791,1.1793531174714216,1-2m
2026-07-22,1.445466491458607,-1.9548520878480133,-2.301295971161807,0.2725625219472924,-0.07618906536331303,-2.2251069057984942,1-2m
2026-07-23,1.4126149802890933,2.2344888215264502,1.8837045883208638,0.9799935483574124,0.6305090299616067,1.2531955583592571,1-2m
2026-07-24,1.3797634691195795,2.753977415178082,2.4026549678929996,0.9779522654232161,0.6284698618904306,1.774185106002569,1-2m
2026-07-27,1.281208935611038,-0.3376230284388339,-0.6857424354507132,-0.26780030267464316,-0.6159920492422598,-0.06975038620845342,1-2m
2026-07-28,1.2483574244415243,-1.1395021226794255,-1.4867907460632321,-0.3262566024522281,-0.6743877856042798,-0.8124029604589523,1-2m
2026-07-29,1.2155059132720105,-4.598507584340175,-4.942212518951452,-1.22881349302962,-1.5760095857254224,-3.3662029332260297,1-2m
2026-07-30,1.1826544021024967,-5.390458222860808,-5.7333426601808455,-1.140059023842794,-1.4873470702513814,-4.245995589929464,1-2m
2026-07-31,1.149802890932983,-3.4858893713947836,-3.830747029655106,-1.5334985209674619,-1.8803789459588092,-1.9503680836962969,1-2m
2026-08-03,1.0512483574244416,3.825668305572498,3.4732355372271826,-2.942932367459436,-3.2883525541518575,6.76158809137904,1-2m
2026-08-04,1.0183968462549278,2.647657228455487,2.296444933774576,-2.3510356901529352,-2.69706910903029,4.9935140428048665,1-2m
2026-08-05,0.9855453350854139,0.636408203524286,0.28727965535065253,-2.7797661604385806,-3.1253553948271215,3.4126350501777742,1-2m
2026-08-06,0.9526938239159001,-0.6703599086543809,-1.0181345849524592,-2.5260770933132894,-2.871929161245069,1.8537945762926098,1-2m
2026-08-07,0.9198423127463863,-5.727881763308405,-6.070416614319057,-2.6141046771725307,-2.959865544478172,-3.1105510698408847,1-2m
2026-08-10,0.8212877792378449,-0.9919780026689564,-1.3394194678272018,-2.6801221256296417,-3.025814595821871,1.6863951279946692,1-2m
2026-08-11,0.7884362680683311,-0.759122109171171,-1.1068048237464534,-2.43514648712495,-2.781092763347549,1.6742879396010955,1-2m
2026-08-12,0.7555847568988173,-2.5003947123674486,-2.846273388427277,-2.3515661275782858,-2.6975989968980785,-0.1486743915291986,1-2m
2026-08-13,0.7227332457293035,-1.2631576237983122,-1.610318134394807,-2.235525583054157,-2.5816786757159362,0.9713605413211293,1-2m
2026-08-14,0.6898817345597897,-3.6828130013390763,-4.027466637660288,-1.928116005992106,-2.2745875891165652,-1.7528790485437225,1-2m
2026-08-17,0.5913272010512484,-1.7978264329208575,-2.1444330020363336,-1.8357725161850758,-2.182339771412765,0.03790676937643145,1-2m
2026-08-18,0.5584756898817346,-0.33261083058468516,-0.6807354304641022,-1.2697375868825704,-1.6168912803346227,0.9361558498705205,1-2m
2026-08-19,0.5256241787122208,-2.4252977247059393,-2.7712542046994524,-0.9705058017710086,-1.3179695131171092,-1.4532846915823432,1-2m
2026-08-20,0.49277266754270693,0.6263026390607341,0.2771845607167469,-1.3611176607358606,-1.7081766802279155,1.9853612409446624,1-2m
2026-08-21,0.45992115637319314,1.1865687156256621,0.8368701758541117,-1.3576794506274834,-1.7047420322633697,2.5416122081174812,1-2m
2026-08-24,0.36136662286465177,-1.158359789291687,-1.5056288752654314,-1.048382151584659,-1.395765179450044,-0.10986369581538735,1-2m
2026-08-25,0.328515111695138,-1.0928234271883808,-1.4401604118479368,-1.8118072081285324,-2.1583992925177826,0.7182388806698459,1-2m
2026-08-26,0.2956636005256242,-0.6420757863992789,-0.9898797663490839,-1.6290328402591912,-1.9758142873011795,0.9859345209520955,1-2m
2026-08-27,0.2628120893561104,-2.9393352583827608,-3.2847591718456526,-1.3530038986888142,-1.7000713244115895,-1.584687847434063,1-2m
2026-08-28,0.22996057818659657,-2.3655551460756707,-2.7115735221287975,-1.5044574176228942,-1.8513679305331938,-0.8602055915956037,1-2m
2026-08-31,0.1314060446780552,-3.9780663950313837,-4.32241413525508,-1.1703791877656502,-1.5176358210896799,-2.8047783141654,1-2m
2026-09-01,0.09855453350854139,-0.8368130499703884,-1.184415273157217,-0.5234627691077695,-0.8713896375996937,-0.3130256355575234,1-2m
2026-09-02,0.0657030223390276,0.06812846342991286,-0.28041132079210884,-0.2608101824780073,-0.6090091711317014,0.32859785033959255,1-2m
2026-09-03,0.0328515111695138,-0.5677760317890579,-0.9156569897024276,-0.15718809952548007,-0.5054944454237296,-0.410162544278698,1-2m
